title,Toy Story (1995)
Grumpier Old Men (1995),0.9799366622741317
GoldenEye (1995),0.6246950475544244
Heat (1995),0.565685424949238
Jumanji (1995),0.48824008272404096
Sabrina (1995),0.42426406871192845
